Sender,Time [ms],Torque [Nm],Voltage [V],Current [A],Brake [%]
[MASTER],37277,-0.0075,23.9132,0.0588,10.00
[MASTER],37278,-0.0091,23.9070,0.0706,10.00
[MASTER],37280,-0.0075,23.9009,0.0943,10.00
[MASTER],37282,-0.0091,23.8885,0.1180,10.00
[MASTER],37284,-0.0059,23.8823,0.1417,10.00
[MASTER],37286,-0.0043,23.8885,0.1654,10.00
[MASTER],37287,-0.0027,23.8885,0.1772,10.00
[MASTER],37289,-0.0043,23.8885,0.1654,10.00
[MASTER],37291,-0.0043,23.8885,0.1654,10.00
[MASTER],37293,-0.0012,23.8885,0.1772,10.00
[MASTER],37295,-0.0012,23.8885,0.1891,10.00
[MASTER],37296,-0.0012,23.8823,0.1891,10.00
[MASTER],37298,-0.0012,23.8885,0.1891,10.00
[MASTER],37300,0.0036,23.8823,0.1772,10.00
[MASTER],37302,0.0020,23.8823,0.1772,10.00
[MASTER],37304,-0.0027,23.8761,0.1654,10.00
[MASTER],37305,-0.0027,23.8699,0.1535,10.00
[MASTER],37307,0.0004,23.8761,0.1772,10.00
[MASTER],37309,-0.0027,23.8885,0.1772,10.00
[MASTER],37311,0.0004,23.8823,0.1772,10.00
[MASTER],37313,0.0052,23.8947,0.1891,10.00
[MASTER],37314,0.0036,23.8947,0.1772,10.00
[MASTER],37316,0.0067,23.8947,0.1772,10.00
[MASTER],37318,0.0067,23.8947,0.1654,10.00
[MASTER],37320,0.0067,23.8947,0.1772,10.00
[MASTER],37322,0.0083,23.8823,0.1772,10.00
[MASTER],37323,0.0052,23.8823,0.1772,10.00
[MASTER],37325,0.0083,23.8823,0.1772,10.00
[MASTER],37327,0.0083,23.8823,0.1772,10.00
[MASTER],37329,0.0083,23.8823,0.1654,10.00
[MASTER],37331,0.0083,23.8885,0.1654,10.00
[MASTER],37332,0.0083,23.8823,0.1654,10.00
[MASTER],37334,0.0083,23.8761,0.1654,10.00
[MASTER],37336,0.0099,23.8761,0.1772,10.00
[MASTER],37338,0.0115,23.8637,0.1772,10.00
[MASTER],37340,0.0131,23.8637,0.2009,10.00
[MASTER],37341,0.0131,23.8761,0.2009,10.00
[MASTER],37343,0.0115,23.8761,0.2009,10.00
[MASTER],37345,0.0115,23.8699,0.1891,10.00
[MASTER],37347,0.0115,23.8823,0.2009,10.00
[MASTER],37348,0.0099,23.8823,0.2009,10.00
[MASTER],37350,0.0083,23.8885,0.1891,10.00
[MASTER],37352,0.0067,23.8885,0.1891,10.00
[MASTER],37354,0.0067,23.8947,0.1891,10.00
[MASTER],37356,0.0083,23.8947,0.2009,10.00
[MASTER],37357,0.0052,23.8885,0.1891,10.00
[MASTER],37359,0.0067,23.9009,0.2009,10.00
[MASTER],37361,0.0067,23.8947,0.2009,10.00
[MASTER],37363,0.0099,23.8947,0.2009,10.00
[MASTER],37365,0.0083,23.8885,0.2009,10.00
[MASTER],37366,0.0083,23.8885,0.2009,10.00
[MASTER],37368,0.0083,23.8699,0.1891,10.00
[MASTER],37370,0.0099,23.8761,0.2009,10.00
[MASTER],37372,0.0115,23.8699,0.2009,10.00
[MASTER],37374,0.0099,23.8637,0.2128,10.00
[MASTER],37375,0.0099,23.8699,0.2128,10.00
[MASTER],37377,0.0115,23.8885,0.2246,20.00
[MASTER],37379,0.0115,23.8885,0.2128,20.00
[MASTER],37381,0.0083,23.8947,0.2128,20.00
[MASTER],37383,0.0083,23.8947,0.2009,20.00
[MASTER],37384,0.0052,23.8885,0.2009,20.00
[MASTER],37386,0.0052,23.8823,0.2009,20.00
[MASTER],37388,0.0036,23.8761,0.2009,20.00
[MASTER],37390,0.0067,23.8761,0.2128,20.00
[MASTER],37392,0.0099,23.8823,0.2246,20.00
[MASTER],37393,0.0099,23.8823,0.2246,20.00
[MASTER],37395,0.0131,23.8823,0.2246,20.00
[MASTER],37397,0.0131,23.8885,0.2246,20.00
[MASTER],37399,0.0131,23.8885,0.2365,20.00
[MASTER],37401,0.0115,23.8761,0.2246,20.00
[MASTER],37402,0.0131,23.8885,0.2246,20.00
[MASTER],37404,0.0099,23.8761,0.2246,20.00
[MASTER],37406,0.0083,23.8823,0.2246,20.00
[MASTER],37408,0.0083,23.8699,0.2365,20.00
[MASTER],37410,0.0067,23.8761,0.2365,20.00
[MASTER],37411,0.0083,23.8761,0.2365,20.00
[MASTER],37413,0.0099,23.8761,0.2365,20.00
[MASTER],37415,0.0115,23.8761,0.2365,20.00
[MASTER],37417,0.0115,23.8699,0.2483,20.00
[MASTER],37419,0.0131,23.8823,0.2483,20.00
[MASTER],37420,0.0115,23.8823,0.2365,20.00
[MASTER],37422,0.0099,23.8885,0.2483,20.00
[MASTER],37424,0.0083,23.8823,0.2483,20.00
[MASTER],37426,0.0052,23.8761,0.2483,20.00
[MASTER],37428,0.0067,23.8823,0.2483,20.00
[MASTER],37429,0.0067,23.8761,0.2483,20.00
[MASTER],37431,0.0099,23.8823,0.2483,20.00
[MASTER],37433,0.0083,23.8699,0.2365,20.00
[MASTER],37435,0.0131,23.8761,0.2483,20.00
[MASTER],37437,0.0146,23.8699,0.2483,20.00
[MASTER],37438,0.0162,23.8699,0.2483,20.00
[MASTER],37440,0.0146,23.8576,0.2483,20.00
[MASTER],37442,0.0131,23.8576,0.2483,20.00
[MASTER],37444,0.0115,23.8576,0.2483,20.00
[MASTER],37445,0.0083,23.8699,0.2483,20.00
[MASTER],37447,0.0083,23.8699,0.2483,20.00
[MASTER],37449,0.0099,23.8823,0.2483,20.00
[MASTER],37451,0.0115,23.8823,0.2483,20.00
[MASTER],37453,0.0115,23.8761,0.2483,20.00
[MASTER],37454,0.0115,23.8699,0.2602,20.00
[MASTER],37456,0.0099,23.8514,0.2483,20.00
[MASTER],37458,0.0099,23.8514,0.2720,20.00
[MASTER],37460,0.0099,23.8576,0.2602,20.00
[MASTER],37462,0.0099,23.8576,0.2720,20.00
[MASTER],37463,0.0146,23.8576,0.2602,20.00
[MASTER],37465,0.0146,23.8637,0.2720,20.00
[MASTER],37467,0.0178,23.8761,0.2720,20.00
[MASTER],37469,0.0194,23.8699,0.2720,20.00
[MASTER],37471,0.0162,23.8637,0.2720,20.00
[MASTER],37472,0.0146,23.8699,0.2839,20.00
[MASTER],37474,0.0131,23.8576,0.2720,20.00
[MASTER],37476,0.0115,23.8637,0.2839,30.00
[MASTER],37478,0.0115,23.8514,0.2720,30.00
[MASTER],37480,0.0146,23.8576,0.2839,30.00
[MASTER],37481,0.0131,23.8514,0.2839,30.00
[MASTER],37483,0.0225,23.8452,0.3312,30.00
[MASTER],37485,0.0320,23.8390,0.4616,30.00
[MASTER],37487,0.0494,23.8266,0.6511,30.00
[MASTER],37489,0.0668,23.7710,0.8288,30.00
[MASTER],37490,0.0810,23.7462,0.9710,30.00
[MASTER],37492,0.0857,23.7338,0.9947,30.00
[MASTER],37494,0.0826,23.7153,1.0065,30.00
[MASTER],37496,0.0778,23.7091,0.9828,30.00
[MASTER],37498,0.0668,23.7153,0.9947,30.00
[MASTER],37499,0.0589,23.7338,0.9828,30.00
[MASTER],37501,0.0494,23.7277,1.0065,30.00
[MASTER],37503,0.0431,23.7338,0.9710,30.00
[MASTER],37505,0.0352,23.7400,0.9710,30.00
[MASTER],37507,0.0320,23.7400,0.9473,30.00
[MASTER],37508,0.0336,23.7338,0.9710,30.00
[MASTER],37510,0.0415,23.7338,0.9592,30.00
[MASTER],37512,0.0526,23.7277,0.9828,30.00
[MASTER],37514,0.0652,23.7338,1.0065,30.00
[MASTER],37516,0.0794,23.7586,1.0065,30.00
[MASTER],37517,0.0841,23.7462,1.0065,30.00
[MASTER],37519,0.0857,23.7524,1.0184,30.00
[MASTER],37521,0.0841,23.7462,1.0302,30.00
[MASTER],37523,0.0763,23.7277,1.0184,30.00
[MASTER],37525,0.0652,23.7091,1.0065,30.00
[MASTER],37526,0.0557,23.7277,0.9947,30.00
[MASTER],37528,0.0462,23.7277,0.9828,30.00
[MASTER],37530,0.0399,23.7400,0.9828,30.00
[MASTER],37532,0.0368,23.7524,0.9828,30.00
[MASTER],37534,0.0383,23.7400,0.9710,30.00
[MASTER],37535,0.0415,23.7400,0.9828,30.00
[MASTER],37537,0.0510,23.7462,0.9828,30.00
[MASTER],37539,0.0605,23.7648,0.9947,30.00
[MASTER],37541,0.0747,23.7524,1.0065,30.00
[MASTER],37543,0.0810,23.7462,1.0184,30.00
[MASTER],37544,0.0873,23.7648,1.0065,30.00
[MASTER],37546,0.0873,23.7277,1.0184,30.00
[MASTER],37548,0.0841,23.7153,1.0065,30.00
[MASTER],37550,0.0731,23.7215,1.0184,30.00
[MASTER],37552,0.0636,23.7215,1.0065,30.00
[MASTER],37553,0.0526,23.7153,1.0065,30.00
[MASTER],37555,0.0431,23.7153,0.9710,30.00
[MASTER],37557,0.0383,23.7153,0.9710,30.00
[MASTER],37559,0.0368,23.7338,0.9592,30.00
[MASTER],37561,0.0415,23.7400,0.9710,30.00
[MASTER],37562,0.0478,23.7400,0.9592,30.00
[MASTER],37564,0.0557,23.7338,0.9828,30.00
[MASTER],37566,0.0668,23.7400,0.9947,30.00
[MASTER],37568,0.0763,23.7400,1.0184,30.00
[MASTER],37570,0.0826,23.7462,1.0065,30.00
[MASTER],37571,0.0857,23.7710,1.0184,30.00
[MASTER],37573,0.0841,23.7710,0.9947,30.00
[MASTER],37575,0.0778,23.7586,1.0065,30.00
[MASTER],37577,0.0684,23.7462,0.9828,40.00
[MASTER],37578,0.0731,23.7215,0.9828,40.00
[MASTER],37580,0.0905,23.7277,1.0065,40.00
[MASTER],37582,0.0984,23.7153,1.0302,40.00
[MASTER],37584,0.1126,23.7029,1.0302,40.00
[MASTER],37586,0.1363,23.7153,1.0658,40.00
[MASTER],37587,0.1458,23.7153,1.0658,40.00
[MASTER],37589,0.1647,23.7153,1.0895,40.00
[MASTER],37591,0.1932,23.7091,1.1013,40.00
[MASTER],37593,0.2042,23.6967,1.1132,40.00
[MASTER],37595,0.2074,23.6905,1.1132,40.00
[MASTER],37596,0.2153,23.6967,1.1369,40.00
[MASTER],37598,0.2232,23.6967,1.1369,40.00
[MASTER],37600,0.2153,23.7029,1.1369,40.00
[MASTER],37602,0.2137,23.6967,1.1250,40.00
[MASTER],37604,0.2042,23.7277,1.1132,40.00
[MASTER],37605,0.1884,23.7338,1.1013,40.00
[MASTER],37607,0.1679,23.7277,1.0658,40.00
[MASTER],37609,0.1537,23.7215,1.0539,40.00
[MASTER],37611,0.1489,23.7029,1.0539,40.00
[MASTER],37613,0.1537,23.6782,1.0658,40.00
[MASTER],37614,0.1568,23.6720,1.0658,40.00
[MASTER],37616,0.1726,23.6782,1.0895,40.00
[MASTER],37618,0.1884,23.6844,1.0895,40.00
[MASTER],37620,0.1979,23.6720,1.1132,40.00
[MASTER],37622,0.2042,23.7153,1.1013,40.00
[MASTER],37623,0.2058,23.7029,1.1250,40.00
[MASTER],37625,0.1979,23.7277,1.1013,40.00
[MASTER],37627,0.1900,23.7400,1.1132,40.00
[MASTER],37629,0.1758,23.7524,1.0895,40.00
[MASTER],37631,0.1663,23.7524,1.0895,40.00
[MASTER],37632,0.1568,23.7338,1.0658,40.00
[MASTER],37634,0.1458,23.7277,1.0658,40.00
[MASTER],37636,0.1442,23.7338,1.0658,40.00
[MASTER],37638,0.1473,23.7277,1.0658,40.00
[MASTER],37640,0.1552,23.7215,1.0658,40.00
[MASTER],37641,0.1584,23.7091,1.0776,40.00
[MASTER],37643,0.1805,23.7215,1.1013,40.00
[MASTER],37645,0.1853,23.7029,1.0895,40.00
[MASTER],37647,0.1947,23.6967,1.1013,40.00
[MASTER],37649,0.1995,23.7215,1.1013,40.00
[MASTER],37650,0.1995,23.7215,1.1132,40.00
[MASTER],37652,0.1837,23.7277,1.1013,40.00
[MASTER],37654,0.1726,23.7400,1.0895,40.00
[MASTER],37656,0.1616,23.7091,1.0895,40.00
[MASTER],37658,0.1552,23.7091,1.0776,40.00
[MASTER],37659,0.1426,23.7215,1.0539,40.00
[MASTER],37661,0.1379,23.6782,1.0539,40.00
[MASTER],37663,0.1426,23.6905,1.0421,40.00
[MASTER],37665,0.1521,23.7215,1.0658,40.00
[MASTER],37667,0.1552,23.7153,1.0539,40.00
[MASTER],37668,0.1710,23.7153,1.0895,40.00
[MASTER],37670,0.1868,23.6967,1.0895,40.00
[MASTER],37672,0.1932,23.6844,1.1250,40.00
[MASTER],37674,0.1979,23.7029,1.1132,40.00
[MASTER],37676,0.1995,23.7029,1.1132,40.00
[MASTER],37677,0.1900,23.7091,1.1013,50.00
[MASTER],37679,0.2263,23.7153,1.1369,50.00
[MASTER],37681,0.3053,23.6967,1.1724,50.00
[MASTER],37683,0.4554,23.6844,1.3383,50.00
[MASTER],37685,0.5802,23.6782,1.4449,50.00
[MASTER],37686,0.5644,23.6534,1.4449,50.00
[MASTER],37688,0.5012,23.6844,1.3264,50.00
[MASTER],37690,0.3827,23.6720,1.2553,50.00
[MASTER],37692,0.2421,23.7215,1.1013,50.00
[MASTER],37693,0.2958,23.7462,1.1013,50.00
[MASTER],37695,0.1995,23.7524,1.0184,50.00
[MASTER],37697,0.2753,23.7524,0.9828,50.00
[MASTER],37699,0.1821,23.7215,0.9118,50.00
[MASTER],37701,0.2105,23.6225,1.0065,50.00
[MASTER],37702,0.1663,23.6101,1.0065,50.00
[MASTER],37704,0.1837,23.6039,1.0539,50.00
[MASTER],37706,0.2690,23.5916,1.1132,50.00
[MASTER],37708,0.2311,23.6720,1.0065,50.00
[MASTER],37710,0.2595,23.5792,1.1369,50.00
[MASTER],37711,0.1600,23.5792,1.0895,50.00
[MASTER],37713,0.2611,23.5235,1.2553,50.00
[MASTER],37715,0.1679,23.5606,1.1606,50.00
[MASTER],37717,0.2832,23.6534,1.1369,50.00
[MASTER],37719,0.2516,23.7029,1.0302,50.00
[MASTER],37720,0.2595,23.7895,0.9118,50.00
[MASTER],37722,0.2579,23.6411,1.0065,50.00
[MASTER],37724,0.2690,23.5978,1.0895,50.00
[MASTER],37726,0.2958,23.5978,1.0658,50.00
[MASTER],37728,0.1805,23.5421,1.1606,50.00
[MASTER],37729,0.2595,23.5854,1.1724,50.00
[MASTER],37731,0.1868,23.6844,1.0539,50.00
[MASTER],37733,0.2358,23.6782,1.0658,50.00
[MASTER],37735,0.2690,23.6844,1.0421,50.00
[MASTER],37737,0.2042,23.6844,0.9592,50.00
[MASTER],37738,0.2848,23.5854,1.1013,50.00
[MASTER],37740,0.1979,23.5483,1.0895,50.00
[MASTER],37742,0.2374,23.5173,1.1843,50.00
[MASTER],37744,0.1505,23.4926,1.1606,50.00
[MASTER],37746,0.1995,23.6225,1.0184,50.00
[MASTER],37747,0.1710,23.6225,1.1132,50.00
[MASTER],37749,0.1537,23.6782,1.0184,50.00
[MASTER],37751,0.2026,23.6287,1.1013,50.00
[MASTER],37753,0.1410,23.6782,1.0658,50.00
[MASTER],37755,0.2421,23.6472,1.0895,50.00
[MASTER],37756,0.1742,23.6349,1.0776,50.00
[MASTER],37758,0.2469,23.6596,1.0776,50.00
[MASTER],37760,0.2090,23.5854,1.1606,50.00
[MASTER],37762,0.1758,23.5792,1.1132,50.00
[MASTER],37764,0.2247,23.5854,1.1369,50.00
[MASTER],37765,0.1473,23.6039,1.0895,50.00
[MASTER],37767,0.2642,23.6782,1.0065,50.00
[MASTER],37769,0.1774,23.7771,0.8881,50.00
[MASTER],37771,0.2532,23.8204,0.8881,50.00
[MASTER],37773,0.2137,23.8204,0.8644,50.00
[MASTER],37774,0.2169,23.8081,0.9118,50.00
[MASTER],37776,0.2326,23.8637,0.8644,60.00
[MASTER],37778,0.1742,23.7833,0.9236,60.00
[MASTER],37780,0.2516,23.7895,0.9592,60.00
[MASTER],37782,0.1458,23.8081,0.8881,60.00
[MASTER],37783,0.2342,23.7400,0.9592,60.00
[MASTER],37785,0.1679,23.7400,0.8999,60.00
[MASTER],37787,0.1458,23.7462,0.8999,60.00
[MASTER],37789,0.1726,23.7277,0.9473,60.00
[MASTER],37791,0.1521,23.7153,1.0302,60.00
[MASTER],37792,0.1916,23.7277,1.0539,60.00
[MASTER],37794,0.1679,23.6905,1.0658,60.00
[MASTER],37796,0.1821,23.6782,1.1132,60.00
[MASTER],37798,0.1853,23.6967,0.9710,60.00
[MASTER],37800,0.1537,23.7277,0.9355,60.00
[MASTER],37801,0.1679,23.7277,0.9592,60.00
[MASTER],37803,0.1363,23.7215,0.9355,60.00
[MASTER],37805,0.1868,23.7338,0.9118,60.00
[MASTER],37807,0.1600,23.7338,0.9947,60.00
[MASTER],37809,0.1932,23.7215,1.0658,60.00
[MASTER],37810,0.1947,23.7895,0.9592,60.00
[MASTER],37812,0.1789,23.7648,1.0302,60.00
[MASTER],37814,0.1805,23.8019,0.9828,60.00
[MASTER],37816,0.1426,23.7957,0.8999,60.00
[MASTER],37817,0.1774,23.7833,0.8999,60.00
[MASTER],37819,0.1600,23.7833,0.9236,60.00
[MASTER],37821,0.2153,23.7710,0.9118,60.00
[MASTER],37823,0.2011,23.7215,1.0302,60.00
[MASTER],37825,0.1979,23.7215,1.0776,60.00
[MASTER],37826,0.1979,23.7277,1.0421,60.00
[MASTER],37828,0.1521,23.7215,1.0302,60.00
[MASTER],37830,0.1742,23.7771,0.9592,60.00
[MASTER],37832,0.1505,23.7957,0.8644,60.00
[MASTER],37834,0.1995,23.7895,0.8644,60.00
[MASTER],37835,0.1853,23.7957,0.8762,60.00
[MASTER],37837,0.1979,23.7710,0.9236,60.00
[MASTER],37839,0.2011,23.7462,0.9118,60.00
[MASTER],37841,0.1663,23.7400,0.9473,60.00
[MASTER],37843,0.1742,23.7091,0.9473,60.00
[MASTER],37844,0.1568,23.7091,0.8881,60.00
[MASTER],37846,0.1742,23.6967,0.9118,60.00
[MASTER],37848,0.1537,23.6225,1.0302,60.00
[MASTER],37850,0.1979,23.6534,1.0658,60.00
[MASTER],37852,0.1932,23.6411,1.1250,60.00
[MASTER],37853,0.1916,23.6349,1.1843,60.00
[MASTER],37855,0.1932,23.7462,1.0658,60.00
[MASTER],37857,0.1584,23.7277,1.0539,60.00
[MASTER],37859,0.1710,23.6844,1.0539,60.00
[MASTER],37861,0.1489,23.6967,0.9592,60.00
[MASTER],37862,0.1821,23.6844,0.9592,60.00
[MASTER],37864,0.1805,23.6720,0.9828,60.00
[MASTER],37866,0.1963,23.6905,1.0184,60.00
[MASTER],37868,0.1979,23.7091,0.9828,60.00
[MASTER],37870,0.1726,23.6782,1.0539,60.00
[MASTER],37871,0.1837,23.7029,1.0421,60.00
[MASTER],37873,0.1600,23.7771,0.9118,60.00
[MASTER],37875,0.1805,23.7771,0.9473,60.00
[MASTER],37877,0.1663,23.8204,0.8999,70.00
[MASTER],37879,0.1995,23.8204,0.8881,70.00
[MASTER],37880,0.1963,23.7277,0.9473,70.00
[MASTER],37882,0.1821,23.7029,0.9947,70.00
[MASTER],37884,0.1900,23.6782,1.0065,70.00
[MASTER],37886,0.1631,23.6844,0.9710,70.00
[MASTER],37888,0.1679,23.7153,0.9355,70.00
[MASTER],37889,0.1568,23.7277,0.9355,70.00
[MASTER],37891,0.1805,23.7586,0.8999,70.00
[MASTER],37893,0.1774,23.7338,0.9828,70.00
[MASTER],37895,0.1932,23.6967,1.0776,70.00
[MASTER],37897,0.1932,23.7215,1.0184,70.00
[MASTER],37898,0.1584,23.6720,1.0302,70.00
[MASTER],37900,0.1758,23.6782,1.0658,70.00
[MASTER],37902,0.1631,23.6905,0.9947,70.00
[MASTER],37904,0.1679,23.6720,1.0302,70.00
[MASTER],37906,0.1663,23.5730,1.0895,70.00
[MASTER],37907,0.1963,23.5730,1.0658,70.00
[MASTER],37909,0.1979,23.5916,1.0895,70.00
[MASTER],37911,0.1695,23.5916,1.0895,70.00
[MASTER],37913,0.1947,23.7029,1.0539,70.00
[MASTER],37915,0.1663,23.7153,0.9828,70.00
[MASTER],37916,0.1710,23.6967,0.9592,70.00
[MASTER],37918,0.1631,23.6782,0.9236,70.00
[MASTER],37920,0.1932,23.6844,0.8999,70.00
[MASTER],37922,0.1900,23.6905,0.9592,70.00
[MASTER],37924,0.2090,23.6720,0.9947,70.00
[MASTER],37925,0.2074,23.7029,0.9828,70.00
[MASTER],37927,0.1726,23.6967,1.0065,70.00
[MASTER],37929,0.1868,23.6782,1.0421,70.00
[MASTER],37931,0.1710,23.7338,0.9473,70.00
[MASTER],37933,0.1695,23.7338,0.9592,70.00
[MASTER],37934,0.1695,23.6349,1.0302,70.00
[MASTER],37936,0.1963,23.6349,1.0184,70.00
[MASTER],37938,0.1932,23.5978,1.0421,70.00
[MASTER],37940,0.1584,23.5606,1.1132,70.00
[MASTER],37942,0.1963,23.5545,1.1013,70.00
[MASTER],37943,0.1710,23.6534,1.0776,70.00
[MASTER],37945,0.1647,23.6287,1.0539,70.00
[MASTER],37947,0.1647,23.6534,0.9947,70.00
[MASTER],37949,0.1774,23.6844,0.9355,70.00
[MASTER],37951,0.1789,23.6596,0.9710,70.00
[MASTER],37952,0.1537,23.6905,0.9710,70.00
[MASTER],37954,0.1995,23.6905,1.0065,70.00
[MASTER],37956,0.1821,23.7029,1.0184,70.00
[MASTER],37958,0.1805,23.6658,1.0895,70.00
[MASTER],37960,0.1789,23.7215,0.9828,70.00
[MASTER],37961,0.1663,23.7029,1.0065,70.00
[MASTER],37963,0.1631,23.7215,0.9710,70.00
[MASTER],37965,0.1331,23.7215,0.9118,70.00
[MASTER],37967,0.1963,23.6287,1.0302,70.00
[MASTER],37969,0.1868,23.6101,1.0658,70.00
[MASTER],37970,0.2121,23.5978,1.0776,70.00
[MASTER],37972,0.1837,23.5730,1.1369,70.00
[MASTER],37974,0.1726,23.6101,1.1250,70.00
[MASTER],37976,0.1663,23.6967,0.9592,70.00
[MASTER],37978,0.1189,23.6782,0.9118,80.00
[MASTER],37979,0.1774,23.6472,0.9592,80.00
[MASTER],37981,0.1521,23.6472,0.9592,80.00
[MASTER],37983,0.2121,23.6411,0.9947,80.00
[MASTER],37985,0.1900,23.6225,1.0302,80.00
[MASTER],37987,0.1821,23.5978,1.0658,80.00
[MASTER],37988,0.1805,23.6658,0.9592,80.00
[MASTER],37990,0.1695,23.6720,0.9592,80.00
[MASTER],37992,0.1647,23.7091,0.9355,80.00
[MASTER],37994,0.1315,23.7833,0.8407,80.00
[MASTER],37995,0.1995,23.7957,0.8762,80.00
[MASTER],37997,0.1726,23.7400,1.0184,80.00
[MASTER],37999,0.2011,23.7400,1.0421,80.00
[MASTER],38001,0.1932,23.6534,1.0895,80.00
[MASTER],38003,0.1695,23.6782,1.0539,80.00
[MASTER],38004,0.1710,23.6472,0.9947,80.00
[MASTER],38006,0.1363,23.6782,0.8999,80.00
[MASTER],38008,0.1868,23.6411,0.9473,80.00
[MASTER],38010,0.1695,23.6349,0.9236,80.00
[MASTER],38012,0.2153,23.6287,0.9947,80.00
[MASTER],38013,0.2026,23.6596,0.9710,80.00
[MASTER],38015,0.1742,23.6287,1.0302,80.00
[MASTER],38017,0.1774,23.6720,0.9592,80.00
[MASTER],38019,0.1347,23.6720,0.9473,80.00
[MASTER],38021,0.1695,23.5606,0.9710,80.00
[MASTER],38022,0.1568,23.5854,0.9592,80.00
[MASTER],38024,0.2074,23.5854,0.9947,80.00
[MASTER],38026,0.1758,23.4679,1.1132,80.00
[MASTER],38028,0.1979,23.4246,1.1843,80.00
[MASTER],38030,0.1916,23.5359,1.1250,80.00
[MASTER],38031,0.1410,23.5421,1.1250,80.00
[MASTER],38033,0.1616,23.6287,0.9828,80.00
[MASTER],38035,0.1363,23.6349,0.9236,80.00
[MASTER],38037,0.1789,23.6534,0.9473,80.00
[MASTER],38039,0.1647,23.6472,0.9236,80.00
[MASTER],38040,0.2011,23.6411,0.9592,80.00
[MASTER],38042,0.1995,23.6225,1.0539,80.00
[MASTER],38044,0.1774,23.6163,1.1013,80.00
[MASTER],38046,0.1821,23.6225,1.0658,80.00
[MASTER],38048,0.1284,23.6101,1.0776,80.00
[MASTER],38049,0.1647,23.6287,1.0539,80.00
[MASTER],38051,0.1410,23.6844,0.9355,80.00
[MASTER],38053,0.1837,23.7091,0.9473,80.00
[MASTER],38055,0.1853,23.7153,1.0302,80.00
[MASTER],38057,0.1868,23.6905,1.0302,80.00
[MASTER],38058,0.1963,23.6534,1.0776,80.00
[MASTER],38060,0.1521,23.6658,1.0539,80.00
[MASTER],38062,0.1742,23.6782,0.9947,80.00
[MASTER],38064,0.1537,23.6844,0.8999,80.00
[MASTER],38066,0.1884,23.6905,0.8881,80.00
[MASTER],38067,0.1821,23.6411,0.9592,80.00
[MASTER],38069,0.2090,23.6039,1.0065,80.00
[MASTER],38071,0.2026,23.6287,0.9828,80.00
[MASTER],38073,0.1663,23.5792,1.0421,80.00
[MASTER],38075,0.1789,23.6534,0.9592,80.00
[MASTER],38076,0.1521,23.6472,0.9473,90.00
[MASTER],38078,0.1695,23.6782,0.9355,90.00
[MASTER],38080,0.1600,23.6782,0.8762,90.00
[MASTER],38082,0.1963,23.6225,0.8999,90.00
[MASTER],38084,0.1932,23.4926,1.0421,90.00
[MASTER],38085,0.1947,23.3689,1.0658,90.00
[MASTER],38087,0.1995,23.3442,1.0895,90.00
[MASTER],38089,0.1679,23.3565,1.1132,90.00
[MASTER],38091,0.1695,23.4988,1.0184,90.00
[MASTER],38093,0.1442,23.5421,0.9118,90.00
[MASTER],38094,0.1837,23.6596,0.9473,90.00
[MASTER],38096,0.1726,23.6596,0.8999,90.00
[MASTER],38098,0.1932,23.5173,0.9118,90.00
[MASTER],38100,0.1932,23.4988,0.9828,90.00
[MASTER],38102,0.1616,23.4246,1.0302,90.00
[MASTER],38103,0.1774,23.4369,1.0302,90.00
[MASTER],38105,0.1473,23.4555,1.0421,90.00
[MASTER],38107,0.1631,23.4988,1.0539,90.00
[MASTER],38109,0.1584,23.4679,1.0065,90.00
[MASTER],38111,0.1932,23.5421,1.0302,90.00
[MASTER],38112,0.1900,23.5235,1.1013,90.00
[MASTER],38114,0.1916,23.5297,1.1250,90.00
[MASTER],38116,0.1916,23.5792,1.1250,90.00
[MASTER],38118,0.1584,23.5545,1.1961,90.00
[MASTER],38120,0.1647,23.5297,1.1369,90.00
[MASTER],38121,0.1537,23.5545,1.0302,90.00
[MASTER],38123,0.1742,23.5421,1.0065,90.00
[MASTER],38125,0.1758,23.5792,0.9592,90.00
[MASTER],38127,0.1932,23.4617,0.9592,90.00
[MASTER],38129,0.1947,23.4493,1.0302,90.00
[MASTER],38130,0.1679,23.4617,1.0776,90.00
[MASTER],38132,0.1774,23.3813,1.1250,90.00
[MASTER],38134,0.1616,23.4060,1.0895,90.00
[MASTER],38136,0.1631,23.5173,1.0895,90.00
[MASTER],38138,0.1616,23.5359,0.9828,90.00
[MASTER],38139,0.1853,23.5606,0.9592,90.00
[MASTER],38141,0.1868,23.5297,1.0539,90.00
[MASTER],38143,0.1616,23.5545,1.0421,90.00
[MASTER],38145,0.1932,23.5112,1.0658,90.00
[MASTER],38147,0.1758,23.4926,1.1013,90.00
[MASTER],38148,0.1695,23.5359,1.1013,90.00
[MASTER],38150,0.1537,23.5730,0.9828,90.00
[MASTER],38152,0.1695,23.5359,0.9710,90.00
[MASTER],38154,0.1710,23.4988,1.0421,90.00
[MASTER],38156,0.1473,23.5545,1.0065,90.00
[MASTER],38157,0.1963,23.5235,1.0539,90.00
[MASTER],38159,0.1695,23.5297,1.0421,90.00
[MASTER],38161,0.1837,23.5050,1.0895,90.00
[MASTER],38163,0.1647,23.5421,0.9947,90.00
[MASTER],38165,0.1679,23.5297,1.0302,90.00
[MASTER],38166,0.1631,23.5606,0.9710,90.00
[MASTER],38168,0.1868,23.5235,0.9473,90.00
[MASTER],38170,0.1837,23.5297,0.9828,90.00
[MASTER],38172,0.1552,23.5297,1.0184,90.00
[MASTER],38173,0.1932,23.5173,1.0065,90.00
[MASTER],38175,0.1710,23.5112,1.0184,90.00
[MASTER],38177,0.1616,23.5235,0.9828,100.00
[MASTER],38179,0.1647,23.5545,0.8999,100.00
[MASTER],38181,0.1821,23.1833,0.8999,100.00
[MASTER],38182,0.1805,23.1091,0.9473,100.00
[MASTER],38184,0.1537,23.1153,0.9592,100.00
[MASTER],38186,0.1995,22.7813,1.0539,100.00
[MASTER],38188,0.1789,22.7503,1.1013,100.00
[MASTER],38190,0.1774,22.8926,1.1606,100.00
[MASTER],38191,0.1742,22.9730,1.0421,100.00
[MASTER],38193,0.1600,23.0534,1.0539,100.00
[MASTER],38195,0.1631,23.0287,0.9947,100.00
[MASTER],38197,0.1331,23.2081,0.9592,100.00
[MASTER],38199,0.1900,22.8555,1.0302,100.00
[MASTER],38200,0.1726,22.8060,1.0895,100.00
[MASTER],38202,0.1963,22.7256,1.1250,100.00
[MASTER],38204,0.1710,22.7565,1.1250,100.00
[MASTER],38206,0.1616,22.8493,1.1250,100.00
[MASTER],38208,0.1663,22.8864,1.0065,100.00
[MASTER],38209,0.1252,23.1029,0.9592,100.00
[MASTER],38211,0.1853,22.7380,0.9947,100.00
[MASTER],38213,0.1710,22.7503,0.9592,100.00
[MASTER],38215,0.2121,22.7442,1.0184,100.00
[MASTER],38217,0.1821,22.7751,1.0421,100.00
[MASTER],38218,0.1710,22.9978,1.0658,100.00
[MASTER],38220,0.1726,23.1215,0.9592,100.00
[MASTER],38222,0.1268,23.3070,0.9473,100.00
[MASTER],38224,0.1679,22.9916,0.9710,100.00
[MASTER],38226,0.1347,23.2081,0.8999,100.00
[MASTER],38227,0.2011,22.9174,0.9118,100.00
[MASTER],38229,0.1726,22.8741,1.0184,100.00
[MASTER],38231,0.1774,23.0472,1.0184,100.00
[MASTER],38233,0.1837,23.0287,1.0421,100.00
[MASTER],38235,0.1631,23.0472,1.0184,100.00
[MASTER],38236,0.1631,23.0782,0.9592,100.00
[MASTER],38238,0.1284,23.2823,0.8999,100.00
[MASTER],38240,0.1947,22.9730,0.8999,100.00
[MASTER],38242,0.1726,22.8679,0.9828,100.00
[MASTER],38244,0.2105,22.8122,1.0302,100.00
[MASTER],38245,0.2011,22.8122,1.0539,100.00
[MASTER],38247,0.1710,22.9668,1.0895,100.00
[MASTER],38249,0.1695,23.0411,1.0065,100.00
[MASTER],38251,0.1221,23.2761,0.9947,100.00
[MASTER],38253,0.1695,22.9668,1.0302,100.00
[MASTER],38254,0.1552,22.9668,0.9947,100.00
[MASTER],38256,0.2074,22.8555,1.0302,100.00
[MASTER],38258,0.1932,22.8555,1.1132,100.00
[MASTER],38260,0.1837,22.7565,1.1487,100.00
[MASTER],38262,0.1805,22.8308,1.0895,100.00
[MASTER],38263,0.1252,23.0101,1.0776,100.00
[MASTER],38265,0.1600,22.7627,1.0895,100.00
[MASTER],38267,0.1442,22.8493,1.0658,100.00
